District,Status1,Party1,Actual1,Predicted1,Error1,Status2,Party2,Actual2,Predicted2,Error2,Correct,CorrectNum
AL-03,Incumbent,R,67.1,64.905,-2.195,Challenger,D,32.9,38.27,5.37,True,10
AL-05,Incumbent,R,66.8,78.805,12.005,Challenger,D,33.2,40.372,7.172,True,10
AL-06,Incumbent,R,74.8,85.568,10.768,Challenger,D,25.2,35.937,10.737,True,10
AK-00,Incumbent,R,50.5,64.839,14.339,Challenger,D,36.5,40.124,3.624,True,10
AZ-01,Challenger,D,50.8,47.226,-3.574,Challenger,R,43.5,47.686,4.186,False,0
AZ-02,Incumbent,R,56.7,66.95,10.25,Challenger,D,43.3,40.564,-2.736,True,10
AZ-04,Incumbent,R,71.5,68.415,-3.085,Challenger,D,28.5,34.825,6.325,True,10
AZ-05,Challenger,R,63.1,53.416,-9.684,Challenger,D,36.9,39.572,2.672,True,10
AZ-06,Incumbent,R,61.6,65.392,3.792,Challenger,D,38.4,37.061,-1.339,True,10
AZ-07,Incumbent,D,74.6,69.877,-4.723,Challenger,R,25.4,58.813,33.413,True,10
AZ-08,Incumbent,R,68.6,75.28,6.68,,,0,0,0,True,10
AZ-09,Incumbent,D,61.1,61.644,0.544,Challenger,R,38.9,47.311,8.411,True,10
AR-01,Incumbent,R,76.5,64.022,-12.478,,,0,0,0,True,10
AR-02,Incumbent,R,58.4,64.783,6.383,Challenger,D,36.8,40.821,4.021,True,10
AR-03,Incumbent,R,77.3,90.522,13.222,,,0,0,0,True,10
AR-04,Incumbent,R,74.9,65.217,-9.683,,,0,0,0,True,10
CA-01,Incumbent,R,59.5,63.503,4.003,Challenger,D,40.5,41.91,1.41,True,10
CA-02,Incumbent,D,77.1,64.905,-12.195,Challenger,R,22.9,31.796,8.896,True,10
CA-03,Incumbent,D,58.2,58.706,0.506,Challenger,R,41.8,41.723,-0.077,True,10
CA-04,Incumbent,R,62.8,75.822,13.022,Challenger,D,37.2,41.62,4.42,True,10
CA-05,Incumbent,D,77.2,77.145,-0.055,Challenger,R,22.8,29.72,6.92,True,10
CA-06,Incumbent,D,75.2,71.137,-4.063,Challenger,R,24.8,29.145,4.345,True,10
CA-07,Incumbent,D,51.2,59.61,8.41,Challenger,R,48.8,38.362,-10.438,True,10
CA-08,Incumbent,R,62.7,71.791,9.091,Challenger,D,37.3,41.457,4.157,True,10
CA-09,Incumbent,D,57.6,70.075,12.475,Challenger,R,42.4,30.128,-12.272,True,10
CA-10,Incumbent,R,52.4,59.331,6.931,Challenger,D,47.6,42.962,-4.638,True,10
CA-11,Incumbent,D,71.8,61.918,-9.882,Challenger,R,28.2,37.807,9.607,True,10
CA-12,Incumbent,D,81,76.917,-4.083,,,0,0,0,True,10
CA-13,Incumbent,D,90.7,75.633,-15.067,Challenger,R,9.3,22.677,13.377,True,10
CA-14,Incumbent,D,80.9,71.8,-9.1,Challenger,R,19.1,26.504,7.404,True,10
CA-15,Incumbent,D,73.8,69.795,-4.005,Challenger,R,26.2,33.337,7.137,True,10
CA-16,Incumbent,D,57.8,65.83,8.03,Challenger,R,42.2,33.452,-8.748,True,10
CA-17,Challenger,D,61.1,51.903,-9.197,Incumbent,D,38.9,74.906,36.006,False,0
CA-18,Incumbent,D,71.2,63.972,-7.228,Challenger,R,28.8,34.693,5.893,True,10
CA-19,Incumbent,D,74,73.366,-0.634,Challenger,R,26,44.724,18.724,True,10
CA-20,Challenger,D,70.6,47.151,-23.449,Challenger,R,29.4,40.506,11.106,True,10
CA-21,Incumbent,R,58,78.906,20.906,Challenger,D,42,44.45,2.45,True,10
CA-22,Incumbent,R,68.2,77.554,9.354,Challenger,D,31.8,38.358,6.558,True,10
CA-23,Incumbent,R,70,79.109,9.109,Challenger,D,30,37.683,7.683,True,10
CA-24,Challenger,D,53.2,44.088,-9.112,Challenger,R,46.8,47.058,0.258,False,0
CA-25,Incumbent,R,54.2,60.009,5.809,Challenger,D,45.8,46.582,0.782,True,10
CA-26,Incumbent,D,59.9,59.812,-0.088,Challenger,R,40.1,47.021,6.921,True,10
CA-27,Incumbent,D,66.5,63.113,-3.387,Challenger,R,33.5,36.598,3.098,True,10
CA-28,Incumbent,D,77.9,78.243,0.343,Challenger,R,22.1,30.921,8.821,True,10
CA-29,Incumbent,D,75.2,72.809,-2.391,Challenger,D,24.8,56.772,31.972,True,10
CA-30,Incumbent,D,72.4,65.551,-6.849,Challenger,R,27.6,35.764,8.164,True,10
CA-31,Incumbent,D,55.7,78.399,22.699,Challenger,R,44.3,30.642,-13.658,True,10
CA-32,Incumbent,D,62.4,66.304,3.904,Challenger,D,37.6,47.298,9.698,True,10
CA-33,Incumbent,D,66.3,74.965,8.665,Challenger,R,33.7,32.579,-1.121,True,10
CA-34,Incumbent,D,78.2,80.849,2.649,Challenger,D,21.8,50.868,29.068,True,10
CA-35,Incumbent,D,71.8,78.29,6.49,Challenger,R,28.2,32.195,3.995,True,10
CA-36,Incumbent,D,61.4,60.033,-1.367,Challenger,R,38.6,40.677,2.077,True,10
CA-37,Incumbent,D,82,76.359,-5.641,Challenger,D,18,49.338,31.338,True,10
CA-38,Incumbent,D,69.7,67.336,-2.364,Challenger,R,30.3,34.322,4.022,True,10
CA-39,Incumbent,R,57.7,61.926,4.226,Challenger,D,42.3,40.518,-1.782,True,10
CA-40,Incumbent,D,71.9,81.979,10.079,,,0,0,0,True,10
CA-41,Incumbent,D,64.4,64.901,0.501,Challenger,R,35.6,37.553,1.953,True,10
CA-42,Incumbent,R,59,63.367,4.367,Challenger,D,41,40.221,-0.779,True,10
CA-43,Incumbent,D,75.6,72.571,-3.029,Challenger,R,24.4,31.131,6.731,True,10
CA-44,Challenger,D,51.1,59.565,8.465,Challenger,D,48.9,59.565,10.665,False,0
CA-45,Incumbent,R,59,59.428,0.428,Challenger,D,41,43.829,2.829,True,10
CA-46,Challenger,D,69.9,43.422,-26.478,Challenger,D,30.1,43.422,13.322,False,0
CA-47,Incumbent,D,62.5,59.19,-3.31,Challenger,R,37.5,40.319,2.819,True,10
CA-48,Incumbent,R,58.5,62.161,3.661,Challenger,D,41.5,39.641,-1.859,True,10
CA-49,Incumbent,R,51,63.214,12.214,Challenger,D,49,40.565,-8.435,True,10
CA-50,Incumbent,R,63.9,64.839,0.939,Challenger,D,36.1,37.687,1.587,True,10
CA-51,Incumbent,D,71.9,66.082,-5.818,Challenger,R,28.1,35.124,7.024,True,10
CA-52,Incumbent,D,56.4,56.98,0.58,Challenger,R,43.6,44.65,1.05,True,10
CA-53,Incumbent,D,66.1,61.898,-4.202,Challenger,R,33.9,38.698,4.798,True,10
CO-01,Incumbent,D,67.8,67.615,-0.185,Challenger,R,28.4,35.632,7.232,True,10
CO-02,Incumbent,D,56.8,57.049,0.249,Challenger,R,37.4,43.046,5.646,True,10
CO-03,Incumbent,R,54.6,60.46,5.86,Challenger,D,40.6,41.392,0.792,True,10
CO-04,Incumbent,R,63.8,61.261,-2.539,Challenger,D,31.5,42.068,10.568,True,10
CO-05,Incumbent,R,62.4,69.808,7.408,Challenger,D,30.8,40.828,10.028,True,10
CO-06,Incumbent,R,51.3,58.484,7.184,Challenger,D,42.4,41.742,-0.658,True,10
CO-07,Incumbent,D,55.2,57.073,1.873,Challenger,R,40,43.475,3.475,True,10
CT-01,Incumbent,D,63.6,65.425,1.825,Challenger,R,34.3,36.108,1.808,True,10
CT-02,Incumbent,D,63,65.26,2.26,Challenger,R,33.9,36.343,2.443,True,10
CT-03,Incumbent,D,68.7,68.232,-0.468,Challenger,R,31.3,32.822,1.522,True,10
CT-04,Incumbent,D,60.1,57.552,-2.548,Challenger,R,39.9,44.541,4.641,True,10
CT-05,Incumbent,D,57.9,57.027,-0.873,Challenger,R,42.1,45.85,3.75,True,10
DE-00,Challenger,D,55.5,51.282,-4.218,Challenger,R,41,41.649,0.649,True,10
FL-01,Challenger,R,69.1,48.122,-20.978,Challenger,D,30.9,34.796,3.896,True,10
FL-02,Challenger,R,67.3,50.792,-16.508,Challenger,D,29.9,45.547,15.647,True,10
FL-03,Incumbent,R,56.6,66.74,10.14,Challenger,D,39.7,38.048,-1.652,True,10
FL-04,Challenger,R,70.2,53.258,-16.942,Challenger,D,27.6,51.735,24.135,True,10
FL-05,Challenger,D,64.2,40.697,-23.503,Challenger,R,35.8,38.174,2.374,True,10
FL-06,Incumbent,R,58.6,74.841,16.241,Challenger,D,41.4,42.004,0.604,True,10
FL-07,Challenger,D,51.5,39.145,-12.355,Incumbent,R,48.5,64.582,16.082,False,0
FL-08,Incumbent,R,63.1,62.11,-0.99,Challenger,D,32.5,41.394,8.894,True,10
FL-09,Challenger,D,57.5,46.077,-11.423,Challenger,R,42.5,43.914,1.414,True,10
FL-10,Challenger,D,64.9,41.844,-23.056,Challenger,R,35.1,45.876,10.776,False,0
FL-11,Incumbent,R,65.4,65.811,0.411,Challenger,D,31.6,42.623,11.023,True,10
FL-12,Incumbent,R,68.6,75.392,6.792,Challenger,D,31.4,42.125,10.725,True,10
FL-13,Challenger,D,51.9,42.005,-9.895,Incumbent,R,48.1,74.017,25.917,False,0
FL-14,Incumbent,D,61.8,75.143,13.343,Challenger,R,38.2,38.181,-0.019,True,10
FL-15,Incumbent,R,57.5,65.697,8.197,Challenger,D,42.5,38.801,-3.699,True,10
FL-16,Incumbent,R,59.8,62.997,3.197,Challenger,D,40.2,43.735,3.535,True,10
FL-17,Incumbent,R,61.8,64.724,2.924,Challenger,D,34.2,56.281,22.081,True,10
FL-18,Challenger,R,53.6,45.824,-7.776,Challenger,D,43,42.593,-0.407,True,10
FL-19,Challenger,R,65.9,52.7,-13.2,Challenger,D,34.1,44.713,10.613,True,10
FL-20,Incumbent,D,80.3,76.308,-3.992,Challenger,R,19.7,32.142,12.442,True,10
FL-21,Incumbent,D,62.7,91.586,28.886,Challenger,R,35.2,55.766,20.566,True,10
FL-22,Incumbent,D,58.9,64.25,5.35,Challenger,R,41.1,47.618,6.518,True,10
FL-23,Incumbent,D,56.7,65.386,8.686,Challenger,R,40.5,41.772,1.272,True,10
FL-25,Incumbent,R,62.4,85.187,22.787,Challenger,D,37.6,47.995,10.395,True,10
FL-26,Incumbent,R,53,61.263,8.263,Challenger,D,41.2,48.836,7.636,True,10
FL-27,Incumbent,R,54.9,76.184,21.284,Challenger,D,45.1,46.181,1.081,True,10
GA-02,Incumbent,D,61,59.554,-1.446,Challenger,R,39,41.211,2.211,True,10
GA-03,Challenger,R,68.4,45.198,-23.202,Challenger,D,31.6,36.038,4.438,True,10
GA-04,Incumbent,D,75.6,83.908,8.308,Challenger,R,24.4,36.422,12.022,True,10
GA-05,Incumbent,D,84.6,81.926,-2.674,Challenger,R,15.4,34.03,18.63,True,10
GA-06,Incumbent,R,61.6,67.486,5.886,Challenger,D,38.4,37.628,-0.772,True,10
GA-07,Incumbent,R,60.5,63.754,3.254,Challenger,D,39.5,37.777,-1.723,True,10
GA-08,Incumbent,R,67.7,71.27,3.57,Challenger,D,32.3,37.396,5.096,True,10
GA-11,Incumbent,R,67.5,72.325,4.825,Challenger,D,32.5,40.931,8.431,True,10
GA-12,Incumbent,R,61.6,59.247,-2.353,Challenger,D,38.4,39.223,0.823,True,10
HI-01,Challenger,D,71.9,52.467,-19.433,Challenger,R,22.7,43.851,21.151,True,10
HI-02,Incumbent,D,81.1,71.604,-9.496,Challenger,R,18.9,27.321,8.421,True,10
ID-01,Incumbent,R,68,65.238,-2.762,Challenger,D,32,36.77,4.77,True,10
ID-02,Incumbent,R,63,66.357,3.357,Challenger,D,29.3,34.557,5.257,True,10
IL-01,Incumbent,D,73.4,75.192,1.792,Challenger,R,26.6,24.013,-2.587,True,10
IL-02,Incumbent,D,79.6,76.39,-3.21,Challenger,R,20.4,23.641,3.241,True,10
IL-05,Incumbent,D,67.6,68.027,0.427,Challenger,R,27.8,32.177,4.377,True,10
IL-06,Incumbent,R,59.5,63.775,4.275,Challenger,D,40.5,38.167,-2.333,True,10
IL-07,Incumbent,D,84,81.133,-2.867,Challenger,R,16,18.911,2.911,True,10
IL-08,Challenger,D,58.1,49.644,-8.456,Challenger,R,41.9,44.03,2.13,True,10
IL-09,Incumbent,D,65.8,64.481,-1.319,Challenger,R,34.2,34.855,0.655,True,10
IL-10,Challenger,D,52.5,49.463,-3.037,Incumbent,R,47.5,52.255,4.755,False,0
IL-11,Incumbent,D,59.9,49.962,-9.938,Challenger,R,40.1,47.914,7.814,True,10
IL-12,Incumbent,R,54.3,55.919,1.619,Challenger,D,39.7,48.205,8.505,True,10
IL-13,Incumbent,R,59.7,60.039,0.339,Challenger,D,40.3,43.213,2.913,True,10
IL-14,Incumbent,R,59.6,60.683,1.083,Challenger,D,40.4,40.902,0.502,True,10
IL-17,Incumbent,D,60.1,51.554,-8.546,Challenger,R,39.9,46.139,6.239,True,10
IL-18,Incumbent,R,72.2,69.105,-3.095,Challenger,D,27.8,30.788,2.988,True,10
IN-01,Incumbent,D,81.5,61.588,-19.912,,,0,0,0,True,10
IN-02,Incumbent,R,59.3,61.726,2.426,Challenger,D,36.9,41.008,4.108,True,10
IN-03,Challenger,R,70.1,61.28,-8.82,Challenger,D,23,34.852,11.852,True,10
IN-04,Incumbent,R,64.6,66.281,1.681,Challenger,D,30.5,34.613,4.113,True,10
IN-05,Incumbent,R,61.5,67.376,5.876,Challenger,D,34.3,35.935,1.635,True,10
IN-06,Incumbent,R,69.1,66.221,-2.879,Challenger,D,26.7,35.032,8.332,True,10
IN-07,Incumbent,D,60,59.091,-0.909,Challenger,R,35.7,41.56,5.86,True,10
IN-08,Incumbent,R,63.7,61.632,-2.068,Challenger,D,31.6,39.386,7.786,True,10
IN-09,Challenger,R,54.1,55.295,1.195,Challenger,D,40.5,38.395,-2.105,True,10
IA-01,Incumbent,R,53.9,58.553,4.653,Challenger,D,46.1,46.411,0.311,True,10
IA-02,Incumbent,D,53.7,53.972,0.272,Challenger,R,46.3,47.478,1.178,True,10
IA-03,Incumbent,R,53.5,57.865,4.365,Challenger,D,39.8,46.034,6.234,True,10
IA-04,Incumbent,R,61.4,62.325,0.925,Challenger,D,38.6,38.251,-0.349,True,10
KS-01,Challenger,R,66.2,65.021,-1.179,,,0,0,0,True,10
KS-02,Incumbent,R,61.1,64.562,3.462,Challenger,D,32.5,36.981,4.481,True,10
KS-03,Incumbent,R,51.3,68.608,17.308,Challenger,D,40.6,39.669,-0.931,True,10
KS-04,Incumbent,R,61,66.119,5.119,Challenger,D,29.4,36.041,6.641,True,10
KY-01,Challenger,R,72.6,44.801,-27.799,Challenger,D,27.4,33.103,5.703,True,10
KY-03,Incumbent,D,63.5,60.669,-2.831,Challenger,R,36.5,40.682,4.182,True,10
KY-04,Incumbent,R,71.3,66.75,-4.55,Challenger,D,28.7,35.655,6.955,True,10
KY-06,Incumbent,R,61.1,59.988,-1.112,Challenger,D,38.9,42.525,3.625,True,10
LA-01,Incumbent,R,74.6,74.562,-0.038,Challenger,D,2.8,25.706,22.906,True,10
LA-02,Incumbent,D,69.8,77.958,8.158,Challenger,D,10.1,58.873,48.773,True,10
LA-03,Challenger,R,28.5,61.098,32.598,Challenger,R,0.4,61.098,60.698,False,0
LA-04,Challenger,D,28.2,42.92,14.72,Challenger,R,4.6,53.849,49.249,False,0
LA-05,Incumbent,R,81.6,85.46,3.86,Challenger,R,18.4,52.77,34.37,True,10
LA-06,Incumbent,R,62.7,77.629,14.929,Challenger,D,9,43.581,34.581,True,10
ME-01,Incumbent,D,57.9,60.203,2.303,Challenger,R,42.1,39.958,-2.142,True,10
ME-02,Incumbent,R,54.9,58.355,3.455,Challenger,D,45.1,46.227,1.127,True,10
MD-01,Incumbent,R,67.8,64.769,-3.031,Challenger,D,28,38.47,10.47,True,10
MD-02,Incumbent,D,62.2,65.572,3.372,Challenger,R,33.3,34.041,0.741,True,10
MD-03,Incumbent,D,62.8,62.716,-0.084,Challenger,R,34.5,35.275,0.775,True,10
MD-04,Challenger,D,74.1,44.4,-29.7,Challenger,R,21.6,22.663,1.063,True,10
MD-05,Incumbent,D,67.3,66.724,-0.576,Challenger,R,29.7,33.522,3.822,True,10
MD-06,Incumbent,D,55.4,54.797,-0.603,Challenger,R,40.9,46.427,5.527,True,10
MD-07,Incumbent,D,75.1,73.956,-1.144,Challenger,R,21.9,25.776,3.876,True,10
MD-08,Challenger,D,59.3,43.014,-16.286,Challenger,R,35.6,32.943,-2.657,True,10
MA-01,Incumbent,D,73.4,81.767,8.367,,,0,0,0,True,10
MA-03,Incumbent,D,68.7,66.305,-2.395,Challenger,R,31.3,37.174,5.874,True,10
MA-04,Incumbent,D,70,70.479,0.479,Challenger,R,30,41.077,11.077,True,10
MA-08,Incumbent,D,72.4,91.115,18.715,Challenger,R,27.6,32.271,4.671,True,10
MA-09,Incumbent,D,55.7,64.583,8.883,Challenger,R,33.8,38.364,4.564,True,10
MI-01,Challenger,R,55.3,51.229,-4.071,Challenger,D,39.7,46.133,6.433,True,10
MI-02,Incumbent,R,62.7,63.814,1.114,Challenger,D,32.4,37.271,4.871,True,10
MI-03,Incumbent,R,59.4,59.334,-0.066,Challenger,D,37.5,40.938,3.438,True,10
MI-04,Incumbent,R,61.6,63.292,1.692,Challenger,D,32.1,37.754,5.654,True,10
MI-05,Incumbent,D,61.2,62.507,1.307,Challenger,R,35.1,38.323,3.223,True,10
MI-06,Incumbent,R,58.6,59.78,1.18,Challenger,D,36.4,40.252,3.852,True,10
MI-07,Incumbent,R,55,57.497,2.497,Challenger,D,40.1,42.573,2.473,True,10
MI-08,Incumbent,R,56,62.587,6.587,Challenger,D,39.2,39.699,0.499,True,10
MI-09,Incumbent,D,57.9,60.482,2.582,Challenger,R,37.4,40.4,3,True,10
MI-10,Challenger,R,63,45.379,-17.621,Challenger,D,32.3,30.763,-1.537,True,10
MI-11,Incumbent,R,52.9,62.444,9.544,Challenger,D,40.2,43.035,2.835,True,10
MI-12,Incumbent,D,64.4,66.79,2.39,Challenger,R,29.2,38.126,8.926,True,10
MI-13,Incumbent,D,77,79.117,2.117,Challenger,R,15.8,24.284,8.484,True,10
MI-14,Incumbent,D,78.5,80.036,1.536,Challenger,R,18.7,24.643,5.943,True,10
MN-01,Incumbent,D,50.4,56.388,5.988,Challenger,R,49.6,43.909,-5.691,True,10
MN-02,Challenger,R,47,43.729,-3.271,Challenger,D,45.2,42.638,-2.562,True,10
MN-03,Incumbent,R,56.9,60.482,3.582,Challenger,D,43.1,39.683,-3.417,True,10
MN-04,Incumbent,D,57.8,64.975,7.175,Challenger,R,34.5,36.319,1.819,True,10
MN-05,Incumbent,D,69.2,71.584,2.384,Challenger,R,22.3,30.007,7.707,True,10
MN-06,Incumbent,R,65.7,55.923,-9.777,Challenger,D,34.3,44.049,9.749,True,10
MN-07,Incumbent,D,52.5,57.451,4.951,Challenger,R,47.5,42.294,-5.206,True,10
MN-08,Incumbent,D,50.3,52.672,2.372,Challenger,R,49.7,47.433,-2.267,True,10
MS-01,Incumbent,R,68.8,65.707,-3.093,Challenger,D,27.8,34.458,6.658,True,10
MS-02,Incumbent,D,66.8,77.463,10.663,Challenger,R,29.4,40.803,11.403,True,10
MS-03,Incumbent,R,66.3,76.964,10.664,Challenger,D,30.3,33.757,3.457,True,10
MS-04,Incumbent,R,65.2,67.705,2.505,Challenger,D,27.7,32.109,4.409,True,10
MO-01,Incumbent,D,75.5,74.55,-0.95,Challenger,R,20,25.78,5.78,True,10
MO-02,Incumbent,R,58.6,68.216,9.616,Challenger,D,37.6,34.4,-3.2,True,10
MO-03,Incumbent,R,67.8,69.023,1.223,Challenger,D,27.9,32.435,4.535,True,10
MO-04,Incumbent,R,67.8,67.645,-0.155,Challenger,D,27.8,33.411,5.611,True,10
MO-05,Incumbent,D,58.4,55.262,-3.138,Challenger,R,38.5,46.313,7.813,True,10
MO-06,Incumbent,R,68.1,68.679,0.579,Challenger,D,28.3,31.938,3.638,True,10
MO-07,Incumbent,R,67.6,69.149,1.549,Challenger,D,27.4,32.567,5.167,True,10
MO-08,Incumbent,R,74.4,71.603,-2.797,Challenger,D,22.7,30.738,8.038,True,10
MT-00,Incumbent,R,56.3,63.119,6.819,Challenger,D,40.5,43.111,2.611,True,10
NE-01,Incumbent,R,69.6,69.543,-0.057,Challenger,D,30.4,32.39,1.99,True,10
NE-02,Challenger,R,49.4,48.906,-0.494,Incumbent,D,47.3,54.947,7.647,False,0
NV-01,Incumbent,D,61.8,59.889,-1.911,Challenger,R,28.8,39.083,10.283,True,10
NV-02,Incumbent,R,58.3,61.773,3.473,Challenger,D,36.9,35.196,-1.704,True,10
NV-03,Challenger,D,47.2,41.963,-5.237,Challenger,R,46,45.485,-0.515,False,0
NV-04,Challenger,D,48.5,47.407,-1.093,Incumbent,R,44.5,56.599,12.099,False,0
NH-01,Challenger,D,44.2,49.379,5.179,Incumbent,R,42.9,51.811,8.911,False,0
NH-02,Incumbent,D,49.8,51.791,1.991,Challenger,R,45.4,47.8,2.4,True,10
NJ-01,Incumbent,D,59.8,65.415,5.615,Challenger,R,36.9,39.486,2.586,True,10
NJ-02,Incumbent,R,59.4,62.352,2.952,Challenger,D,37.1,39.406,2.306,True,10
NJ-03,Incumbent,R,59.5,62.297,2.797,Challenger,D,38.6,40.259,1.659,True,10
NJ-04,Incumbent,R,63.7,64.188,0.488,Challenger,D,33.5,36.726,3.226,True,10
NJ-05,Challenger,D,50.5,40.812,-9.688,Incumbent,R,47.2,61.005,13.805,False,0
NJ-06,Incumbent,D,63,63.318,0.318,Challenger,R,35.7,34.456,-1.244,True,10
NJ-07,Incumbent,R,54.2,61.189,6.989,Challenger,D,43,41.635,-1.365,True,10
NJ-08,Incumbent,D,76.9,73.469,-3.431,Challenger,R,18.6,25.399,6.799,True,10
NJ-09,Incumbent,D,69.6,70.98,1.38,Challenger,R,28.1,26.264,-1.836,True,10
NJ-10,Incumbent,D,85.6,78.698,-6.902,Challenger,R,12,19.895,7.895,True,10
NJ-11,Incumbent,R,58.2,65.135,6.935,Challenger,D,38.7,43.978,5.278,True,10
NJ-12,Incumbent,D,62.6,72.067,9.467,Challenger,R,32.3,34.323,2.023,True,10
NM-01,Incumbent,D,65.1,57.012,-8.088,Challenger,R,34.9,46.483,11.583,True,10
NM-02,Incumbent,R,62.8,57.479,-5.321,Challenger,D,37.2,44.977,7.777,True,10
NM-03,Incumbent,D,62.5,59.031,-3.469,Challenger,R,37.5,43.998,6.498,True,10
NY-01,Incumbent,R,59,62.529,3.529,Challenger,D,41,37.533,-3.467,True,10
NY-02,Incumbent,R,62.4,62.869,0.469,Challenger,D,37.6,36.909,-0.691,True,10
NY-03,Challenger,D,52.4,38.572,-13.828,Challenger,R,47.6,40.734,-6.866,False,0
NY-04,Incumbent,D,59.4,67.622,8.222,Challenger,R,40.6,37.966,-2.634,True,10
NY-05,Incumbent,D,85.5,80.84,-4.66,Challenger,R,13,32.063,19.063,True,10
NY-06,Incumbent,D,71.9,89.069,17.169,Challenger,R,27,25.18,-1.82,True,10
NY-07,Incumbent,D,90.7,86.039,-4.661,Challenger,R,9.3,22.788,13.488,True,10
NY-08,Incumbent,D,93.2,83.928,-9.272,,,0,0,0,True,10
NY-09,Incumbent,D,92.3,81.719,-10.581,,,0,0,0,True,10
NY-10,Incumbent,D,77.5,90.239,12.739,Challenger,R,22.5,21.509,-0.991,True,10
NY-11,Incumbent,R,62.2,62.987,0.787,Challenger,D,36.1,40.63,4.53,True,10
NY-12,Incumbent,D,83,82.899,-0.101,Challenger,R,17,24.835,7.835,True,10
NY-13,Challenger,D,88.8,37.844,-50.956,Challenger,R,6.9,25.074,18.174,True,10
NY-14,Incumbent,D,82.6,86.328,3.728,Challenger,R,17.4,24.739,7.339,True,10
NY-15,Incumbent,D,95.2,91.334,-3.866,Challenger,R,3.6,29.93,26.33,True,10
NY-16,Incumbent,D,94.7,88.032,-6.668,,,0,0,0,True,10
NY-18,Incumbent,D,55.2,57.68,2.48,Challenger,R,44.8,41.835,-2.965,True,10
NY-19,Challenger,R,54.7,40.464,-14.236,Challenger,D,45.3,37.021,-8.279,True,10
NY-20,Incumbent,D,67.6,52.7,-14.9,Challenger,R,32.4,40.919,8.519,True,10
NY-21,Incumbent,R,66.1,77.265,11.165,Challenger,D,29.3,36.242,6.942,True,10
NY-22,Challenger,R,47,52.882,5.882,Challenger,D,40.4,36.268,-4.132,True,10
NY-23,Incumbent,R,58.1,65.587,7.487,Challenger,D,41.9,36.94,-4.96,True,10
NY-24,Incumbent,R,61,64.582,3.582,Challenger,D,39,36.757,-2.243,True,10
NY-25,Incumbent,D,55.8,52.214,-3.586,Challenger,R,44.2,44.554,0.354,True,10
NY-26,Incumbent,D,74.4,60.469,-13.931,Challenger,R,25.6,37.71,12.11,True,10
NY-27,Incumbent,R,67.7,67.975,0.275,Challenger,D,32.3,35.193,2.893,True,10
NC-01,Incumbent,D,68.6,66.753,-1.847,Challenger,R,29,35.294,6.294,True,10
NC-02,Incumbent,R,56.7,64.222,7.522,Challenger,D,43.3,36.547,-6.753,True,10
NC-03,Incumbent,R,67.4,66.525,-0.875,Challenger,D,32.6,34.699,2.099,True,10
NC-04,Incumbent,D,68.2,66.304,-1.896,Challenger,R,31.8,38.093,6.293,True,10
NC-05,Incumbent,R,58.5,64.491,5.991,Challenger,D,41.5,37.456,-4.044,True,10
NC-06,Incumbent,R,59.3,65.636,6.336,Challenger,D,40.7,36.511,-4.189,True,10
NC-07,Incumbent,R,61,67.459,6.459,Challenger,D,39,35.733,-3.267,True,10
NC-08,Incumbent,R,58.8,66.691,7.891,Challenger,D,41.2,36.608,-4.592,True,10
NC-09,Incumbent,R,58.3,73.707,15.407,Challenger,D,41.7,37.268,-4.432,True,10
NC-10,Incumbent,R,63.2,64.329,1.129,Challenger,D,36.8,38.042,1.242,True,10
NC-11,Incumbent,R,64.2,64.24,0.04,Challenger,D,35.8,39.305,3.505,True,10
NC-12,Incumbent,D,67,66.736,-0.264,Challenger,R,33,36.184,3.184,True,10
NC-13,Challenger,R,56.1,40.938,-15.162,Challenger,D,43.9,44.903,1.003,False,0
ND-00,Incumbent,R,69.2,58.609,-10.591,Challenger,D,23.8,43.853,20.053,True,10
OH-01,Incumbent,R,59.6,61.222,1.622,Challenger,D,40.4,40.513,0.113,True,10
OH-02,Incumbent,R,66.6,65.678,-0.922,Challenger,D,33.4,37.296,3.896,True,10
OH-03,Incumbent,D,68.3,62.711,-5.589,Challenger,R,31.7,37.763,6.063,True,10
OH-04,Incumbent,R,68.1,70.326,2.226,Challenger,D,31.9,31.148,-0.752,True,10
OH-05,Incumbent,R,71,69.057,-1.943,Challenger,D,29,32.225,3.225,True,10
OH-06,Incumbent,R,70.6,61.698,-8.902,Challenger,D,29.4,42.142,12.742,True,10
OH-07,Incumbent,R,64.1,72.899,8.799,Challenger,D,28.9,37.259,8.359,True,10
OH-08,Incumbent,R,69,72.934,3.934,Challenger,D,26.8,33.093,6.293,True,10
OH-09,Incumbent,D,68.5,65.663,-2.837,Challenger,R,31.5,35.649,4.149,True,10
OH-10,Incumbent,R,64.4,65.743,1.343,Challenger,D,32.4,36.64,4.24,True,10
OH-11,Incumbent,D,80.1,78.909,-1.191,Challenger,R,19.9,23.754,3.854,True,10
OH-12,Incumbent,R,66.6,65.907,-0.693,Challenger,D,29.9,35.54,5.64,True,10
OH-13,Incumbent,D,67.6,63.623,-3.977,Challenger,R,32.4,36.465,4.065,True,10
OH-14,Incumbent,R,62.7,65.587,2.887,Challenger,D,37.3,36.411,-0.889,True,10
OH-15,Incumbent,R,66.2,63.715,-2.485,Challenger,D,33.8,37.017,3.217,True,10
OH-16,Incumbent,R,65.4,62.004,-3.396,Challenger,D,34.6,40.464,5.864,True,10
OK-02,Incumbent,R,70.6,68.167,-2.433,Challenger,D,23.2,34.221,11.021,True,10
OK-03,Incumbent,R,78.3,78.504,0.204,Challenger,D,21.7,24.393,2.693,True,10
OK-04,Incumbent,R,69.6,83.107,13.507,Challenger,D,26.1,30.772,4.672,True,10
OK-05,Incumbent,R,57.1,73.878,16.778,Challenger,D,36.8,38.653,1.853,True,10
OR-01,Incumbent,D,59.6,61.676,2.076,Challenger,R,37.3,39.532,2.232,True,10
OR-02,Incumbent,R,72.1,70.376,-1.724,Challenger,D,27.9,31.994,4.094,True,10
OR-03,Incumbent,D,72.6,72.535,-0.065,,,0,0,0,True,10
OR-04,Incumbent,D,55.5,59.498,3.998,Challenger,R,39.8,41.684,1.884,True,10
OR-05,Incumbent,D,53.6,58.564,4.964,Challenger,R,43.2,43.637,0.437,True,10
PA-01,Incumbent,D,82.2,89.764,7.564,Challenger,R,17.8,23.067,5.267,True,10
PA-02,Challenger,D,90.2,39.127,-51.073,Challenger,R,9.8,17.095,7.295,True,10
PA-04,Incumbent,R,66.1,64.355,-1.745,Challenger,D,33.9,37.335,3.435,True,10
PA-05,Incumbent,R,67.3,66.826,-0.474,Challenger,D,32.7,32.891,0.191,True,10
PA-06,Incumbent,R,57.3,59.75,2.45,Challenger,D,42.7,42.838,0.138,True,10
PA-07,Incumbent,R,59.7,59.837,0.137,Challenger,D,40.3,42.319,2.019,True,10
PA-08,Challenger,R,54.5,51.817,-2.683,Challenger,D,45.5,43.285,-2.215,True,10
PA-09,Incumbent,R,63.4,66.06,2.66,Challenger,D,36.6,32.502,-4.098,True,10
PA-10,Incumbent,R,70.3,64.351,-5.949,Challenger,D,29.7,35.212,5.512,True,10
PA-11,Incumbent,R,63.7,60.923,-2.777,Challenger,D,36.3,40.124,3.824,True,10
PA-12,Incumbent,R,61.9,61.31,-0.59,Challenger,D,38.1,39.794,1.694,True,10
PA-14,Incumbent,D,74.3,77.163,2.863,Challenger,R,25.7,30.372,4.672,True,10
PA-15,Incumbent,R,58.4,67.584,9.184,Challenger,D,38,41.801,3.801,True,10
PA-16,Challenger,R,53.9,45.249,-8.651,Challenger,D,42.7,39.849,-2.851,True,10
PA-17,Incumbent,D,53.8,59.048,5.248,Challenger,R,46.2,44.101,-2.099,True,10
RI-01,Incumbent,D,64.7,59.862,-4.838,Challenger,R,35.3,43.066,7.766,True,10
RI-02,Incumbent,D,58.2,60.846,2.646,Challenger,R,30.8,39.351,8.551,True,10
SC-01,Incumbent,R,58.6,73.23,14.63,Challenger,D,36.9,36.194,-0.706,True,10
SC-02,Incumbent,R,60.3,66.993,6.693,Challenger,D,35.9,38.053,2.153,True,10
SC-03,Incumbent,R,72.9,67.529,-5.371,Challenger,D,27.1,35.06,7.96,True,10
SC-04,Incumbent,R,67.2,71.158,3.958,Challenger,D,31.1,35.456,4.356,True,10
SC-05,Incumbent,R,59.1,60.694,1.594,Challenger,D,38.8,40.339,1.539,True,10
SC-06,Incumbent,D,70.2,68.488,-1.712,Challenger,R,27.6,42.484,14.884,True,10
SC-07,Incumbent,R,60.7,63.119,2.419,Challenger,D,39.3,42.522,3.222,True,10
SD-00,Incumbent,R,64.1,61.773,-2.327,Challenger,D,35.9,40,4.1,True,10
TN-01,Incumbent,R,78.4,77.681,-0.719,Challenger,D,15.4,25.805,10.405,True,10
TN-02,Incumbent,R,75.6,73.898,-1.702,Challenger,D,24.4,24.978,0.578,True,10
TN-03,Incumbent,R,66.4,63.848,-2.552,Challenger,D,28.8,35.676,6.876,True,10
TN-04,Incumbent,R,65,59.445,-5.555,Challenger,D,35,39.058,4.058,True,10
TN-05,Incumbent,D,62.5,61.613,-0.887,Challenger,R,37.5,39.708,2.208,True,10
TN-06,Incumbent,R,71.1,73.386,2.286,Challenger,D,21.8,30.76,8.96,True,10
TN-07,Incumbent,R,72.2,68.998,-3.202,Challenger,D,23.5,30.303,6.803,True,10
TN-08,Challenger,R,68.8,48.659,-20.141,Challenger,D,25.1,33.842,8.742,True,10
TN-09,Incumbent,D,78.8,74.109,-4.691,Challenger,R,18.8,28.852,10.052,True,10
TX-01,Incumbent,R,73.9,77.92,4.02,Challenger,D,24.1,24.617,0.517,True,10
TX-02,Incumbent,R,60.6,75.99,15.39,Challenger,D,36,33.965,-2.035,True,10
TX-03,Incumbent,R,61.3,75.039,13.739,Challenger,D,34.5,33.725,-0.775,True,10
TX-04,Incumbent,R,88,70.571,-17.429,,,0,0,0,True,10
TX-05,Incumbent,R,80.6,69.949,-10.651,,,0,0,0,True,10
TX-06,Incumbent,R,58.3,64.719,6.419,Challenger,D,39,34.489,-4.511,True,10
TX-07,Incumbent,R,56.2,76.931,20.731,Challenger,D,43.8,35.471,-8.329,True,10
TX-09,Incumbent,D,80.6,82.676,2.076,Challenger,R,19.4,29.84,10.44,True,10
TX-10,Incumbent,R,57.4,64.364,6.964,Challenger,D,38.4,34.629,-3.771,True,10
TX-11,Incumbent,R,89.5,74.915,-14.585,,,0,0,0,True,10
TX-12,Incumbent,R,69.4,68.283,-1.117,Challenger,D,26.8,27.817,1.017,True,10
TX-13,Incumbent,R,90,79.86,-10.14,,,0,0,0,True,10
TX-14,Incumbent,R,61.9,65.541,3.641,Challenger,D,38.1,31.751,-6.349,True,10
TX-15,Challenger,D,57.3,54.243,-3.057,Challenger,R,37.7,43.802,6.102,True,10
TX-16,Incumbent,D,85.8,67.986,-17.814,,,0,0,0,True,10
TX-17,Incumbent,R,60.8,65.895,5.095,Challenger,D,35.2,36.152,0.952,True,10
TX-18,Incumbent,D,73.5,76.272,2.772,Challenger,R,23.6,33.017,9.417,True,10
TX-19,Challenger,R,86.7,42.218,-44.482,,,0,0,0,True,10
TX-20,Incumbent,D,79.7,75.788,-3.912,,,0,0,0,True,10
TX-21,Incumbent,R,57,70.051,13.051,Challenger,D,36.4,32.268,-4.132,True,10
TX-22,Incumbent,R,59.5,66.609,7.109,Challenger,D,40.5,32.561,-7.939,True,10
TX-23,Incumbent,R,48.5,56.69,8.19,Challenger,D,46.8,47.008,0.208,True,10
TX-24,Incumbent,R,56.2,77.112,20.912,Challenger,D,39.3,34.246,-5.054,True,10
TX-25,Incumbent,R,58.4,65.136,6.736,Challenger,D,37.7,35.762,-1.938,True,10
TX-26,Incumbent,R,66.3,71.89,5.59,Challenger,D,29.6,31.79,2.19,True,10
TX-27,Incumbent,R,61.7,63.264,1.564,Challenger,D,38.3,37.367,-0.933,True,10
TX-28,Incumbent,D,66.2,72.409,6.209,Challenger,R,31.3,42.166,10.866,True,10
TX-29,Incumbent,D,72.5,81.21,8.71,Challenger,R,24,42.591,18.591,True,10
TX-30,Incumbent,D,77.9,82.374,4.474,Challenger,R,19,31.302,12.302,True,10
TX-31,Incumbent,R,58.4,75.509,17.109,Challenger,D,36.5,33.636,-2.864,True,10
TX-32,Incumbent,R,71.1,65.027,-6.073,,,0,0,0,True,10
TX-33,Incumbent,D,73.7,81.603,7.903,Challenger,R,26.3,42.247,15.947,True,10
TX-34,Incumbent,D,62.7,61.812,-0.888,Challenger,R,37.3,45.013,7.713,True,10
TX-35,Incumbent,D,63.1,68.648,5.548,Challenger,R,31.6,38.655,7.055,True,10
TX-36,Incumbent,R,88.7,69.734,-18.966,,,0,0,0,True,10
UT-01,Incumbent,R,65.4,66.633,1.233,Challenger,D,27.2,28.593,1.393,True,10
UT-02,Incumbent,R,61.5,60.347,-1.153,Challenger,D,34.1,39.864,5.764,True,10
UT-03,Incumbent,R,73.3,67.872,-5.428,Challenger,D,26.7,26.375,-0.325,True,10
UT-04,Incumbent,R,53.5,61.786,8.286,Challenger,D,41.7,42.087,0.387,True,10
VT-00,Incumbent,D,90,67.647,-22.353,,,0,0,0,True,10
VA-01,Incumbent,R,60.9,64.186,3.286,Challenger,D,35.8,39.337,3.537,True,10
VA-02,Challenger,R,61.7,47.537,-14.163,Challenger,D,38.3,43.075,4.775,True,10
VA-03,Incumbent,D,66.9,75.919,9.019,Challenger,R,33.1,31.605,-1.495,True,10
VA-04,Challenger,D,57.3,42.911,-14.389,Challenger,R,42.7,46.028,3.328,False,0
VA-05,Challenger,R,58.3,47.396,-10.904,Challenger,D,41.7,42.273,0.573,True,10
VA-06,Incumbent,R,66.7,81.651,14.951,Challenger,D,33.3,39.26,5.96,True,10
VA-07,Incumbent,R,57.9,63.65,5.75,Challenger,D,42.1,40.735,-1.365,True,10
VA-08,Incumbent,D,68.6,63.582,-5.018,Challenger,R,27.4,39.006,11.606,True,10
VA-09,Incumbent,R,68.7,72.928,4.228,Challenger,D,28.4,40.953,12.553,True,10
VA-10,Incumbent,R,52.9,66.684,13.784,Challenger,D,47.1,39.729,-7.371,True,10
WA-01,Incumbent,D,55.5,58.999,3.499,Challenger,R,44.5,43.702,-0.798,True,10
WA-02,Incumbent,D,64,59.214,-4.786,Challenger,R,36,41.685,5.685,True,10
WA-03,Incumbent,R,61.4,62.247,0.847,Challenger,D,38.6,44.73,6.13,True,10
WA-04,Incumbent,R,57.4,67.615,10.215,Challenger,R,42.6,63.194,20.594,True,10
WA-05,Incumbent,R,59.5,63.015,3.515,Challenger,D,40.5,42.621,2.121,True,10
WA-06,Incumbent,D,61.7,61.776,0.076,Challenger,R,38.3,42.837,4.537,True,10
WA-07,Challenger,D,56.1,42.143,-13.957,Challenger,D,43.9,42.143,-1.757,False,0
WA-08,Incumbent,R,60,59.846,-0.154,Challenger,D,40,43.09,3.09,True,10
WA-09,Incumbent,D,73,66.319,-6.681,Challenger,R,27,35.467,8.467,True,10
WA-10,Incumbent,D,58.7,61.662,2.962,Challenger,R,41.3,44.751,3.451,True,10
WV-01,Incumbent,R,69,63.594,-5.406,Challenger,D,31,42.964,11.964,True,10
WV-02,Incumbent,R,58.2,64.702,6.502,Challenger,D,41.8,41.011,-0.789,True,10
WV-03,Incumbent,R,67.9,63.06,-4.84,Challenger,D,24,41.709,17.709,True,10
WI-01,Incumbent,R,65,64.597,-0.403,Challenger,D,30.2,37.443,7.243,True,10
WI-02,Incumbent,D,68.7,61.452,-7.248,Challenger,R,31.3,37.162,5.862,True,10
WI-04,Incumbent,D,77,66.2,-10.8,Challenger,D,0,0,0,True,10
WI-05,Incumbent,R,66.8,67.971,1.171,Challenger,D,29.3,34.246,4.946,True,10
WI-06,Incumbent,R,57.2,65.213,8.013,Challenger,D,37.3,39.401,2.101,True,10
WI-07,Incumbent,R,61.8,59.69,-2.11,Challenger,D,38.2,43.608,5.408,True,10
WI-08,Challenger,R,62.7,50.433,-12.267,Challenger,D,37.3,42.12,4.82,True,10
WY-00,Challenger,R,62.2,42.549,-19.651,Challenger,D,30.1,29.66,-0.44,True,10
